datetime,symbol,open,high,low,close,volume
2023-04-19 02:00:00,CRYPTO:PEPEUSD,3.0389e-07,5.7945e-07,1.87928e-07,2.67034e-07,0.0
2023-04-20 02:00:00,CRYPTO:PEPEUSD,2.65797e-07,4.19361e-07,2.30024e-07,2.95979e-07,0.0
2023-04-21 02:00:00,CRYPTO:PEPEUSD,2.9618e-07,3.08549e-07,1.71399e-07,2.00224e-07,0.0
2023-04-22 02:00:00,CRYPTO:PEPEUSD,2.00444e-07,3.43647e-07,1.99813e-07,2.82465e-07,0.0
2023-04-23 02:00:00,CRYPTO:PEPEUSD,2.82225e-07,3.65989e-07,2.77098e-07,3.23073e-07,0.0
2023-04-24 02:00:00,CRYPTO:PEPEUSD,3.22816e-07,3.37828e-07,2.57767e-07,2.95001e-07,0.0
2023-04-25 02:00:00,CRYPTO:PEPEUSD,2.94762e-07,2.95205e-07,2.05073e-07,2.59757e-07,0.0
2023-04-26 02:00:00,CRYPTO:PEPEUSD,2.59606e-07,2.77784e-07,2.01745e-07,2.20311e-07,0.0
2023-04-27 02:00:00,CRYPTO:PEPEUSD,2.20068e-07,2.87225e-07,2.11577e-07,2.67773e-07,0.0
2023-04-28 02:00:00,CRYPTO:PEPEUSD,2.67586e-07,3.48778e-07,2.51321e-07,3.25233e-07,0.0
2023-04-29 02:00:00,CRYPTO:PEPEUSD,3.25356e-07,4.66018e-07,3.04821e-07,4.45727e-07,0.0
2023-04-30 02:00:00,CRYPTO:PEPEUSD,4.45756e-07,8.40561e-07,4.28894e-07,7.22538e-07,0.0
2023-05-01 02:00:00,CRYPTO:PEPEUSD,7.22869e-07,1.539386e-06,6.88932e-07,1.173116e-06,0.0
2023-05-02 02:00:00,CRYPTO:PEPEUSD,1.173036e-06,1.438948e-06,1.005104e-06,1.149923e-06,0.0
2023-05-03 02:00:00,CRYPTO:PEPEUSD,1.149647e-06,1.20339e-06,8.39763e-07,1.070415e-06,0.0
2023-05-04 02:00:00,CRYPTO:PEPEUSD,1.07039e-06,2.012112e-06,1.062173e-06,1.967247e-06,0.0
2023-05-05 02:00:00,CRYPTO:PEPEUSD,1.965843e-06,4.486705e-06,1.813744e-06,3.743985e-06,0.0
2023-05-06 02:00:00,CRYPTO:PEPEUSD,3.745068e-06,3.852391e-06,2.303651e-06,2.632549e-06,0.0
2023-05-07 02:00:00,CRYPTO:PEPEUSD,2.631389e-06,3.107519e-06,2.424299e-06,2.791844e-06,0.0
2023-05-08 02:00:00,CRYPTO:PEPEUSD,2.79e-06,2.81e-06,1.55e-06,1.95e-06,0.0
2023-05-09 02:00:00,CRYPTO:PEPEUSD,1.95e-06,2.13e-06,1.74535e-06,2.01e-06,0.0
2023-05-10 02:00:00,CRYPTO:PEPEUSD,2.01e-06,2.13e-06,1.72e-06,1.92067e-06,0.0
2023-05-11 02:00:00,CRYPTO:PEPEUSD,1.92e-06,1.94e-06,1.61e-06,1.67e-06,0.0
2023-05-12 02:00:00,CRYPTO:PEPEUSD,1e-06,1.8791e-06,1e-06,1.7379e-06,0.0
2023-05-13 02:00:00,CRYPTO:PEPEUSD,1.7379e-06,2.0799e-06,1.5508e-06,1.8636e-06,0.0
2023-05-14 02:00:00,CRYPTO:PEPEUSD,1.8637e-06,1.944e-06,1.7456e-06,1.7888e-06,0.0
2023-05-15 02:00:00,CRYPTO:PEPEUSD,1.7888e-06,1.7888e-06,1.6133e-06,1.7369e-06,0.0
2023-05-16 02:00:00,CRYPTO:PEPEUSD,1.7369e-06,1.82e-06,1.6446e-06,1.6876e-06,0.0
2023-05-17 02:00:00,CRYPTO:PEPEUSD,1.6876e-06,1.7159e-06,1.4671e-06,1.577e-06,0.0
2023-05-18 02:00:00,CRYPTO:PEPEUSD,1.577e-06,1.6376e-06,1.5029e-06,1.587e-06,0.0
2023-05-19 02:00:00,CRYPTO:PEPEUSD,1.587e-06,1.587e-06,1.4796e-06,1.5246e-06,0.0
2023-05-20 02:00:00,CRYPTO:PEPEUSD,1.5279e-06,1.9094e-06,1.4999e-06,1.7212e-06,0.0
2023-05-21 02:00:00,CRYPTO:PEPEUSD,1.7212e-06,1.7529e-06,1.5708e-06,1.5932e-06,0.0
2023-05-22 02:00:00,CRYPTO:PEPEUSD,1.5932e-06,1.5995e-06,1.5132e-06,1.5299e-06,0.0
2023-05-23 02:00:00,CRYPTO:PEPEUSD,1.5299e-06,1.6692e-06,1.5254e-06,1.5973e-06,0.0
2023-05-24 02:00:00,CRYPTO:PEPEUSD,1.5974e-06,1.598e-06,1.3257e-06,1.4377e-06,0.0
2023-05-25 02:00:00,CRYPTO:PEPEUSD,1.4377e-06,1.4662e-06,1.3486e-06,1.4297e-06,0.0
2023-05-26 02:00:00,CRYPTO:PEPEUSD,1.4297e-06,1.4862e-06,1.3833e-06,1.4561e-06,0.0
2023-05-27 02:00:00,CRYPTO:PEPEUSD,1.4561e-06,1.5308e-06,1.4353e-06,1.5139e-06,0.0
2023-05-28 02:00:00,CRYPTO:PEPEUSD,1.5139e-06,1.5364e-06,1.4207e-06,1.5021e-06,0.0
2023-05-29 02:00:00,CRYPTO:PEPEUSD,1.4987e-06,1.5155e-06,1.4211e-06,1.4383e-06,0.0
2023-05-30 02:00:00,CRYPTO:PEPEUSD,1.4383e-06,1.4395e-06,1.2393e-06,1.297e-06,0.0
2023-05-31 02:00:00,CRYPTO:PEPEUSD,1.297e-06,1.3165e-06,1.1923e-06,1.2615e-06,0.0
2023-06-01 02:00:00,CRYPTO:PEPEUSD,1.2615e-06,1.3251e-06,1.2175e-06,1.2471e-06,0.0
2023-06-02 02:00:00,CRYPTO:PEPEUSD,1.2475e-06,1.3028e-06,1.2333e-06,1.2857e-06,0.0
2023-06-03 02:00:00,CRYPTO:PEPEUSD,1.2857e-06,1.34e-06,1.2671e-06,1.2956e-06,0.0
2023-06-04 02:00:00,CRYPTO:PEPEUSD,1.2956e-06,1.2962e-06,1.2133e-06,1.2403e-06,0.0
2023-06-05 02:00:00,CRYPTO:PEPEUSD,1.2403e-06,1.2404e-06,9.497e-07,1.0364e-06,0.0
2023-06-06 02:00:00,CRYPTO:PEPEUSD,1.0363e-06,1.259e-06,9.693e-07,1.2062e-06,0.0
2023-06-07 02:00:00,CRYPTO:PEPEUSD,1.2062e-06,1.2187e-06,1.0443e-06,1.0734e-06,0.0
2023-06-08 02:00:00,CRYPTO:PEPEUSD,1.0734e-06,1.1309e-06,1.0355e-06,1.0873e-06,0.0
2023-06-09 02:00:00,CRYPTO:PEPEUSD,1.0873e-06,1.1922e-06,1.0542e-06,1.1336e-06,0.0
2023-06-10 02:00:00,CRYPTO:PEPEUSD,1.1336e-06,1.1373e-06,8.354e-07,9.338e-07,0.0
2023-06-11 02:00:00,CRYPTO:PEPEUSD,9.338e-07,9.563e-07,8.883e-07,9.183e-07,0.0
2023-06-12 02:00:00,CRYPTO:PEPEUSD,9.15e-07,9.487e-07,8.447e-07,9.07e-07,0.0
2023-06-13 02:00:00,CRYPTO:PEPEUSD,9.066e-07,9.808e-07,8.893e-07,9.184e-07,0.0
2023-06-14 02:00:00,CRYPTO:PEPEUSD,9.185e-07,9.602e-07,8.604e-07,8.884e-07,0.0
2023-06-15 02:00:00,CRYPTO:PEPEUSD,8.884e-07,9.258e-07,8.313e-07,8.983e-07,0.0
2023-06-16 02:00:00,CRYPTO:PEPEUSD,8.982e-07,1.0438e-06,8.725e-07,9.67e-07,0.0
2023-06-17 02:00:00,CRYPTO:PEPEUSD,9.67e-07,1.05e-06,9.491e-07,1.0015e-06,0.0
2023-06-18 02:00:00,CRYPTO:PEPEUSD,1.0015e-06,1.0048e-06,9.268e-07,9.398e-07,0.0
2023-06-19 02:00:00,CRYPTO:PEPEUSD,9.398e-07,9.572e-07,9.133e-07,9.487e-07,0.0
2023-06-20 02:00:00,CRYPTO:PEPEUSD,9.487e-07,1.0896e-06,9.103e-07,1.0698e-06,0.0
2023-06-21 02:00:00,CRYPTO:PEPEUSD,1.0697e-06,1.456e-06,1.0393e-06,1.3775e-06,0.0
2023-06-22 02:00:00,CRYPTO:PEPEUSD,1.3775e-06,1.686e-06,1.3638e-06,1.5438e-06,0.0
2023-06-23 02:00:00,CRYPTO:PEPEUSD,1.5435e-06,1.7737e-06,1.4544e-06,1.6487e-06,0.0
2023-06-24 02:00:00,CRYPTO:PEPEUSD,1.6473e-06,1.7539e-06,1.4949e-06,1.552e-06,0.0
2023-06-25 02:00:00,CRYPTO:PEPEUSD,1.552e-06,1.6703e-06,1.5266e-06,1.6054e-06,0.0
2023-06-26 02:00:00,CRYPTO:PEPEUSD,1.6059e-06,1.6289e-06,1.4855e-06,1.5098e-06,0.0
2023-06-27 02:00:00,CRYPTO:PEPEUSD,1.5098e-06,1.6674e-06,1.496e-06,1.6172e-06,0.0
2023-06-28 02:00:00,CRYPTO:PEPEUSD,1.6172e-06,1.6176e-06,1.3691e-06,1.4222e-06,0.0
2023-06-29 02:00:00,CRYPTO:PEPEUSD,1.4222e-06,1.6308e-06,1.408e-06,1.5402e-06,0.0
2023-06-30 02:00:00,CRYPTO:PEPEUSD,1.5402e-06,1.7283e-06,1.4822e-06,1.624e-06,0.0
2023-07-01 02:00:00,CRYPTO:PEPEUSD,1.6239e-06,1.632e-06,1.5227e-06,1.5583e-06,0.0
2023-07-02 02:00:00,CRYPTO:PEPEUSD,1.5583e-06,1.6133e-06,1.4914e-06,1.5881e-06,0.0
2023-07-03 02:00:00,CRYPTO:PEPEUSD,1.5881e-06,1.8922e-06,1.5641e-06,1.8384e-06,0.0
2023-07-04 02:00:00,CRYPTO:PEPEUSD,1.8384e-06,1.8791e-06,1.6964e-06,1.7165e-06,0.0
2023-07-05 02:00:00,CRYPTO:PEPEUSD,1.7161e-06,1.766e-06,1.6149e-06,1.654e-06,0.0
2023-07-06 02:00:00,CRYPTO:PEPEUSD,1.6573e-06,1.7788e-06,1.5417e-06,1.545e-06,0.0
2023-07-07 02:00:00,CRYPTO:PEPEUSD,1.5449e-06,1.5957e-06,1.513e-06,1.5646e-06,0.0
2023-07-08 02:00:00,CRYPTO:PEPEUSD,1.5646e-06,1.5952e-06,1.5116e-06,1.5497e-06,0.0
2023-07-09 02:00:00,CRYPTO:PEPEUSD,1.5497e-06,1.5886e-06,1.5357e-06,1.5471e-06,0.0
2023-07-10 02:00:00,CRYPTO:PEPEUSD,1.5471e-06,1.5827e-06,1.4357e-06,1.5142e-06,0.0
2023-07-11 02:00:00,CRYPTO:PEPEUSD,1.5142e-06,1.5322e-06,1.4843e-06,1.5038e-06,0.0
2023-07-12 02:00:00,CRYPTO:PEPEUSD,1.5038e-06,1.568e-06,1.488e-06,1.508e-06,0.0
2023-07-13 02:00:00,CRYPTO:PEPEUSD,1.5077e-06,1.7647e-06,1.4638e-06,1.7128e-06,0.0
2023-07-14 02:00:00,CRYPTO:PEPEUSD,1.7163e-06,1.8847e-06,1.5539e-06,1.6475e-06,0.0
2023-07-15 02:00:00,CRYPTO:PEPEUSD,1.6442e-06,1.7106e-06,1.6156e-06,1.6446e-06,0.0
2023-07-16 02:00:00,CRYPTO:PEPEUSD,1.6445e-06,1.6635e-06,1.5643e-06,1.5767e-06,0.0
2023-07-17 02:00:00,CRYPTO:PEPEUSD,1.5766e-06,1.6069e-06,1.51e-06,1.5757e-06,0.0
2023-07-18 02:00:00,CRYPTO:PEPEUSD,1.5757e-06,1.5963e-06,1.4913e-06,1.5164e-06,0.0
2023-07-19 02:00:00,CRYPTO:PEPEUSD,1.5163e-06,1.5727e-06,1.5134e-06,1.53e-06,0.0
2023-07-20 02:00:00,CRYPTO:PEPEUSD,1.53e-06,1.5766e-06,1.4713e-06,1.507e-06,0.0
2023-07-21 02:00:00,CRYPTO:PEPEUSD,1.5071e-06,1.5492e-06,1.4867e-06,1.5246e-06,0.0
2023-07-22 02:00:00,CRYPTO:PEPEUSD,1.5246e-06,1.5478e-06,1.4812e-06,1.4907e-06,0.0
2023-07-23 02:00:00,CRYPTO:PEPEUSD,1.4907e-06,1.5353e-06,1.4708e-06,1.5026e-06,0.0
2023-07-24 02:00:00,CRYPTO:PEPEUSD,1.5026e-06,1.5079e-06,1.3137e-06,1.3483e-06,0.0
2023-07-25 02:00:00,CRYPTO:PEPEUSD,1.3483e-06,1.355e-06,1.2894e-06,1.3075e-06,0.0
2023-07-26 02:00:00,CRYPTO:PEPEUSD,1.3074e-06,1.3967e-06,1.2282e-06,1.3333e-06,0.0
2023-07-27 02:00:00,CRYPTO:PEPEUSD,1.3333e-06,1.442e-06,1.3153e-06,1.3446e-06,0.0
2023-07-28 02:00:00,CRYPTO:PEPEUSD,1.3449e-06,1.3788e-06,1.306e-06,1.3402e-06,0.0
2023-07-29 02:00:00,CRYPTO:PEPEUSD,1.3402e-06,1.3631e-06,1.3262e-06,1.3491e-06,0.0
2023-07-30 02:00:00,CRYPTO:PEPEUSD,1.3488e-06,1.3496e-06,1.2499e-06,1.2983e-06,0.0
2023-07-31 02:00:00,CRYPTO:PEPEUSD,1.2983e-06,1.3209e-06,1.2085e-06,1.2358e-06,0.0
2023-08-01 02:00:00,CRYPTO:PEPEUSD,1.2358e-06,1.3019e-06,1.198e-06,1.3008e-06,0.0
2023-08-02 02:00:00,CRYPTO:PEPEUSD,1.301e-06,1.3179e-06,1.2072e-06,1.2187e-06,0.0
2023-08-03 02:00:00,CRYPTO:PEPEUSD,1.2189e-06,1.2307e-06,1.1933e-06,1.1975e-06,0.0
2023-08-04 02:00:00,CRYPTO:PEPEUSD,1.1974e-06,1.2219e-06,1.1331e-06,1.1578e-06,0.0
2023-08-05 02:00:00,CRYPTO:PEPEUSD,1.1576e-06,1.1683e-06,1.1233e-06,1.1526e-06,0.0
2023-08-06 02:00:00,CRYPTO:PEPEUSD,1.1525e-06,1.1725e-06,1.13e-06,1.1573e-06,0.0
2023-08-07 02:00:00,CRYPTO:PEPEUSD,1.1577e-06,1.1917e-06,1.0623e-06,1.1163e-06,0.0
2023-08-08 02:00:00,CRYPTO:PEPEUSD,1.1163e-06,1.2253e-06,1.1e-06,1.1769e-06,0.0
2023-08-09 02:00:00,CRYPTO:PEPEUSD,1.1769e-06,1.2847e-06,1.1733e-06,1.2271e-06,0.0
2023-08-10 02:00:00,CRYPTO:PEPEUSD,1.2271e-06,1.255e-06,1.2124e-06,1.2327e-06,0.0
2023-08-11 02:00:00,CRYPTO:PEPEUSD,1.2326e-06,1.2598e-06,1.2184e-06,1.2433e-06,0.0
2023-08-12 02:00:00,CRYPTO:PEPEUSD,1.2433e-06,1.3572e-06,1.243e-06,1.3484e-06,0.0
2023-08-13 02:00:00,CRYPTO:PEPEUSD,1.3483e-06,1.42e-06,1.3231e-06,1.3626e-06,0.0
2023-08-14 02:00:00,CRYPTO:PEPEUSD,1.3626e-06,1.4572e-06,1.3267e-06,1.4037e-06,0.0
2023-08-15 02:00:00,CRYPTO:PEPEUSD,1.4041e-06,1.4073e-06,1.2432e-06,1.2648e-06,0.0
2023-08-16 02:00:00,CRYPTO:PEPEUSD,1.2644e-06,1.2728e-06,1.1418e-06,1.1663e-06,0.0
2023-08-17 02:00:00,CRYPTO:PEPEUSD,1.1663e-06,1.2204e-06,9.731e-07,1.0803e-06,0.0
2023-08-18 02:00:00,CRYPTO:PEPEUSD,1.0804e-06,1.1172e-06,1.0503e-06,1.0896e-06,0.0
2023-08-19 02:00:00,CRYPTO:PEPEUSD,1.0896e-06,1.1449e-06,1.0868e-06,1.1323e-06,0.0
2023-08-20 02:00:00,CRYPTO:PEPEUSD,1.1323e-06,1.1498e-06,1.105e-06,1.1193e-06,0.0
2023-08-21 02:00:00,CRYPTO:PEPEUSD,1.1192e-06,1.1289e-06,1.0476e-06,1.0919e-06,0.0
2023-08-22 02:00:00,CRYPTO:PEPEUSD,1.092e-06,1.0932e-06,1.0118e-06,1.071e-06,0.0
2023-08-23 02:00:00,CRYPTO:PEPEUSD,1.0709e-06,1.1235e-06,1.0477e-06,1.1015e-06,0.0
2023-08-24 02:00:00,CRYPTO:PEPEUSD,1.1015e-06,1.1073e-06,9.19e-07,9.377e-07,0.0
2023-08-25 02:00:00,CRYPTO:PEPEUSD,9.41e-07,9.413e-07,7.792e-07,8.813e-07,0.0
2023-08-26 02:00:00,CRYPTO:PEPEUSD,8.813e-07,9.617e-07,8.562e-07,8.684e-07,0.0
2023-08-27 02:00:00,CRYPTO:PEPEUSD,8.684e-07,9.118e-07,8.669e-07,8.932e-07,0.0
2023-08-28 02:00:00,CRYPTO:PEPEUSD,8.932e-07,9.035e-07,8.382e-07,8.579e-07,0.0
2023-08-29 02:00:00,CRYPTO:PEPEUSD,8.579e-07,9.092e-07,8.184e-07,8.96e-07,0.0
2023-08-30 02:00:00,CRYPTO:PEPEUSD,8.961e-07,8.981e-07,8.6e-07,8.681e-07,0.0
2023-08-31 02:00:00,CRYPTO:PEPEUSD,8.682e-07,8.715e-07,7.959e-07,8.05e-07,0.0
2023-09-01 02:00:00,CRYPTO:PEPEUSD,8.05e-07,8.193e-07,7.578e-07,7.762e-07,0.0
2023-09-02 02:00:00,CRYPTO:PEPEUSD,7.763e-07,7.97e-07,7.645e-07,7.832e-07,0.0
2023-09-03 02:00:00,CRYPTO:PEPEUSD,7.828e-07,8.073e-07,7.721e-07,8.01e-07,0.0
2023-09-04 02:00:00,CRYPTO:PEPEUSD,8.01e-07,8.279e-07,7.859e-07,7.97e-07,0.0
2023-09-05 02:00:00,CRYPTO:PEPEUSD,7.974e-07,8.128e-07,7.869e-07,8.013e-07,0.0
2023-09-06 02:00:00,CRYPTO:PEPEUSD,8.013e-07,8.035e-07,7.731e-07,7.92e-07,0.0
2023-09-07 02:00:00,CRYPTO:PEPEUSD,7.92e-07,8.125e-07,7.833e-07,8.085e-07,0.0
2023-09-08 02:00:00,CRYPTO:PEPEUSD,8.081e-07,8.123e-07,7.771e-07,7.96e-07,0.0
2023-09-09 02:00:00,CRYPTO:PEPEUSD,7.96e-07,7.975e-07,7.827e-07,7.831e-07,0.0
2023-09-10 02:00:00,CRYPTO:PEPEUSD,7.831e-07,7.833e-07,6.923e-07,7.071e-07,0.0
2023-09-11 02:00:00,CRYPTO:PEPEUSD,7.071e-07,7.086e-07,6.466e-07,6.683e-07,0.0
2023-09-12 02:00:00,CRYPTO:PEPEUSD,6.683e-07,7.033e-07,6.63e-07,6.71e-07,0.0
2023-09-13 02:00:00,CRYPTO:PEPEUSD,6.71e-07,6.94e-07,6.563e-07,6.76e-07,0.0
2023-09-14 02:00:00,CRYPTO:PEPEUSD,6.763e-07,6.967e-07,6.717e-07,6.826e-07,0.0
2023-09-15 02:00:00,CRYPTO:PEPEUSD,6.826e-07,6.88e-07,6.574e-07,6.86e-07,0.0
2023-09-16 02:00:00,CRYPTO:PEPEUSD,6.86e-07,7.033e-07,6.708e-07,6.731e-07,0.0
2023-09-17 02:00:00,CRYPTO:PEPEUSD,6.73e-07,6.751e-07,6.04e-07,6.279e-07,0.0
2023-09-18 02:00:00,CRYPTO:PEPEUSD,6.276e-07,6.494e-07,6.18e-07,6.281e-07,0.0
2023-09-19 02:00:00,CRYPTO:PEPEUSD,6.281e-07,6.478e-07,6.276e-07,6.43e-07,0.0
2023-09-20 02:00:00,CRYPTO:PEPEUSD,6.431e-07,6.477e-07,6.182e-07,6.294e-07,0.0
2023-09-21 02:00:00,CRYPTO:PEPEUSD,6.294e-07,6.383e-07,6.018e-07,6.094e-07,0.0
2023-09-22 02:00:00,CRYPTO:PEPEUSD,6.097e-07,7.316e-07,6.073e-07,7.156e-07,0.0
2023-09-23 02:00:00,CRYPTO:PEPEUSD,7.155e-07,7.383e-07,6.62e-07,6.777e-07,0.0
2023-09-24 02:00:00,CRYPTO:PEPEUSD,6.775e-07,6.949e-07,6.583e-07,6.75e-07,0.0
2023-09-25 02:00:00,CRYPTO:PEPEUSD,6.76e-07,7.176e-07,6.687e-07,7.102e-07,0.0
2023-09-26 02:00:00,CRYPTO:PEPEUSD,7.102e-07,7.239e-07,6.886e-07,6.969e-07,0.0
2023-09-27 02:00:00,CRYPTO:PEPEUSD,6.966e-07,7.626e-07,6.965e-07,7.339e-07,0.0
2023-09-28 02:00:00,CRYPTO:PEPEUSD,7.339e-07,7.524e-07,7.088e-07,7.365e-07,0.0
2023-09-29 02:00:00,CRYPTO:PEPEUSD,7.365e-07,8.208e-07,7.287e-07,7.907e-07,0.0
2023-09-30 02:00:00,CRYPTO:PEPEUSD,7.907e-07,8.16e-07,7.682e-07,7.987e-07,0.0
2023-10-01 02:00:00,CRYPTO:PEPEUSD,7.987e-07,8.266e-07,7.721e-07,8.163e-07,0.0
2023-10-02 02:00:00,CRYPTO:PEPEUSD,8.162e-07,8.996e-07,7.222e-07,7.455e-07,0.0
2023-10-03 02:00:00,CRYPTO:PEPEUSD,7.459e-07,7.474e-07,7.19e-07,7.266e-07,0.0
2023-10-04 02:00:00,CRYPTO:PEPEUSD,7.262e-07,7.266e-07,6.984e-07,7.192e-07,0.0
2023-10-05 02:00:00,CRYPTO:PEPEUSD,7.192e-07,7.326e-07,6.99e-07,7.057e-07,0.0
2023-10-06 02:00:00,CRYPTO:PEPEUSD,7.054e-07,7.286e-07,6.845e-07,7.255e-07,0.0
2023-10-07 02:00:00,CRYPTO:PEPEUSD,7.255e-07,7.27e-07,6.962e-07,7.084e-07,0.0
2023-10-08 02:00:00,CRYPTO:PEPEUSD,7.083e-07,7.21e-07,6.951e-07,7.152e-07,0.0
2023-10-09 02:00:00,CRYPTO:PEPEUSD,7.152e-07,7.171e-07,6.481e-07,6.664e-07,0.0
2023-10-10 02:00:00,CRYPTO:PEPEUSD,6.664e-07,6.729e-07,6.416e-07,6.478e-07,0.0
2023-10-11 02:00:00,CRYPTO:PEPEUSD,6.478e-07,6.533e-07,6.263e-07,6.372e-07,0.0
2023-10-12 02:00:00,CRYPTO:PEPEUSD,6.372e-07,6.392e-07,6.165e-07,6.27e-07,0.0
2023-10-13 02:00:00,CRYPTO:PEPEUSD,6.27e-07,6.672e-07,6.234e-07,6.48e-07,0.0
2023-10-14 02:00:00,CRYPTO:PEPEUSD,6.476e-07,6.528e-07,6.42e-07,6.473e-07,0.0
2023-10-15 02:00:00,CRYPTO:PEPEUSD,6.47e-07,6.863e-07,6.369e-07,6.66e-07,0.0
2023-10-16 02:00:00,CRYPTO:PEPEUSD,6.66e-07,7.163e-07,6.631e-07,6.773e-07,0.0
2023-10-17 02:00:00,CRYPTO:PEPEUSD,6.772e-07,6.786e-07,6.362e-07,6.366e-07,0.0
2023-10-18 02:00:00,CRYPTO:PEPEUSD,6.365e-07,6.434e-07,6.261e-07,6.32e-07,0.0
2023-10-19 02:00:00,CRYPTO:PEPEUSD,6.317e-07,6.395e-07,6.192e-07,6.281e-07,0.0
2023-10-20 02:00:00,CRYPTO:PEPEUSD,6.281e-07,6.614e-07,6.258e-07,6.584e-07,0.0
2023-10-21 02:00:00,CRYPTO:PEPEUSD,6.584e-07,7.225e-07,6.527e-07,6.989e-07,0.0
2023-10-22 02:00:00,CRYPTO:PEPEUSD,6.989e-07,7.574e-07,6.878e-07,7.48e-07,0.0
2023-10-23 02:00:00,CRYPTO:PEPEUSD,7.48e-07,1.0202e-06,7.29e-07,1.0077e-06,0.0
2023-10-24 02:00:00,CRYPTO:PEPEUSD,1.0075e-06,1.0564e-06,8.616e-07,9.261e-07,0.0
2023-10-25 02:00:00,CRYPTO:PEPEUSD,9.261e-07,1.2397e-06,9.221e-07,1.2088e-06,0.0
2023-10-26 02:00:00,CRYPTO:PEPEUSD,1.2088e-06,1.3557e-06,1.1281e-06,1.2793e-06,0.0
2023-10-27 02:00:00,CRYPTO:PEPEUSD,1.2793e-06,1.2833e-06,1.1073e-06,1.1614e-06,0.0
2023-10-28 02:00:00,CRYPTO:PEPEUSD,1.1615e-06,1.2553e-06,1.118e-06,1.1411e-06,0.0
2023-10-29 02:00:00,CRYPTO:PEPEUSD,1.1411e-06,1.1863e-06,1.109e-06,1.1454e-06,0.0
2023-10-30 01:00:00,CRYPTO:PEPEUSD,1.1458e-06,1.2233e-06,1.1303e-06,1.1763e-06,0.0
2023-10-31 01:00:00,CRYPTO:PEPEUSD,1.1763e-06,1.2084e-06,1.0859e-06,1.1482e-06,0.0
2023-11-01 01:00:00,CRYPTO:PEPEUSD,1.1482e-06,1.223e-06,1.0923e-06,1.1845e-06,0.0
2023-11-02 01:00:00,CRYPTO:PEPEUSD,1.1845e-06,1.2099e-06,1.0541e-06,1.0904e-06,0.0
2023-11-03 01:00:00,CRYPTO:PEPEUSD,1.0911e-06,1.0987e-06,1.0112e-06,1.0792e-06,0.0
2023-11-04 01:00:00,CRYPTO:PEPEUSD,1.0792e-06,1.143e-06,1.0686e-06,1.1182e-06,0.0
2023-11-05 01:00:00,CRYPTO:PEPEUSD,1.1182e-06,1.1473e-06,1.0897e-06,1.1233e-06,0.0
2023-11-06 01:00:00,CRYPTO:PEPEUSD,1.1233e-06,1.2103e-06,1.1079e-06,1.2035e-06,0.0
2023-11-07 01:00:00,CRYPTO:PEPEUSD,1.2035e-06,1.2035e-06,1.0841e-06,1.1675e-06,0.0
2023-11-08 01:00:00,CRYPTO:PEPEUSD,1.1675e-06,1.1985e-06,1.1425e-06,1.187e-06,0.0
2023-11-09 01:00:00,CRYPTO:PEPEUSD,1.187e-06,1.4579e-06,1.1416e-06,1.33296e-06,0.0
2023-11-10 01:00:00,CRYPTO:PEPEUSD,1.33308e-06,1.36241e-06,1.22936e-06,1.34377e-06,0.0
2023-11-11 01:00:00,CRYPTO:PEPEUSD,1.3555e-06,1.3827e-06,1.2463e-06,1.2759e-06,0.0
2023-11-12 01:00:00,CRYPTO:PEPEUSD,1.2759e-06,1.2948e-06,1.18405e-06,1.22643e-06,0.0
2023-11-13 01:00:00,CRYPTO:PEPEUSD,1.2248e-06,1.2951e-06,1.1572e-06,1.164e-06,0.0
2023-11-14 01:00:00,CRYPTO:PEPEUSD,1.1638e-06,1.196e-06,1.0873e-06,1.1532e-06,0.0
2023-11-15 01:00:00,CRYPTO:PEPEUSD,1.1532e-06,1.2911e-06,1.1419e-06,1.2585e-06,0.0
2023-11-16 01:00:00,CRYPTO:PEPEUSD,1.2585e-06,1.3166e-06,1.11629e-06,1.14273e-06,0.0
2023-11-17 01:00:00,CRYPTO:PEPEUSD,1.14268e-06,1.18004e-06,1.09052e-06,1.1524e-06,0.0
2023-11-18 01:00:00,CRYPTO:PEPEUSD,1.15243e-06,1.1533e-06,1.09227e-06,1.14753e-06,0.0
2023-11-19 01:00:00,CRYPTO:PEPEUSD,1.14751e-06,1.19361e-06,1.11314e-06,1.1899e-06,0.0
2023-11-20 01:00:00,CRYPTO:PEPEUSD,1.18988e-06,1.24369e-06,1.12916e-06,1.13233e-06,0.0
2023-11-21 01:00:00,CRYPTO:PEPEUSD,1.13233e-06,1.14412e-06,1.02979e-06,1.03478e-06,0.0
2023-11-22 01:00:00,CRYPTO:PEPEUSD,1.03496e-06,1.12028e-06,1.03177e-06,1.10611e-06,0.0
2023-11-23 01:00:00,CRYPTO:PEPEUSD,1.10611e-06,1.13553e-06,1.06592e-06,1.06866e-06,0.0
2023-11-24 01:00:00,CRYPTO:PEPEUSD,1.06862e-06,1.13971e-06,1.06308e-06,1.10664e-06,0.0
2023-11-25 01:00:00,CRYPTO:PEPEUSD,1.10676e-06,1.19261e-06,1.099e-06,1.17963e-06,0.0
2023-11-26 01:00:00,CRYPTO:PEPEUSD,1.17961e-06,1.18539e-06,1.0818e-06,1.11472e-06,0.0
2023-11-27 01:00:00,CRYPTO:PEPEUSD,1.11472e-06,1.12621e-06,1.04603e-06,1.08258e-06,0.0
2023-11-28 01:00:00,CRYPTO:PEPEUSD,1.08263e-06,1.1135e-06,1.03795e-06,1.09738e-06,0.0
2023-11-29 01:00:00,CRYPTO:PEPEUSD,1.0968e-06,1.12039e-06,1.05037e-06,1.05851e-06,0.0
2023-11-30 01:00:00,CRYPTO:PEPEUSD,1.05851e-06,1.09337e-06,1.0512e-06,1.08758e-06,0.0
2023-12-01 01:00:00,CRYPTO:PEPEUSD,1.08744e-06,1.11819e-06,1.07912e-06,1.10554e-06,0.0
2023-12-02 01:00:00,CRYPTO:PEPEUSD,1.10554e-06,1.19884e-06,1.10249e-06,1.16672e-06,0.0
2023-12-03 01:00:00,CRYPTO:PEPEUSD,1.16682e-06,1.23433e-06,1.16174e-06,1.20682e-06,0.0
2023-12-04 01:00:00,CRYPTO:PEPEUSD,1.20677e-06,1.4964e-06,1.17277e-06,1.394e-06,0.0
2023-12-05 01:00:00,CRYPTO:PEPEUSD,1.394e-06,1.68437e-06,1.34471e-06,1.61637e-06,0.0
2023-12-06 01:00:00,CRYPTO:PEPEUSD,1.61639e-06,1.69065e-06,1.46798e-06,1.48191e-06,0.0
2023-12-07 01:00:00,CRYPTO:PEPEUSD,1.48218e-06,1.64647e-06,1.41922e-06,1.52552e-06,0.0
2023-12-08 01:00:00,CRYPTO:PEPEUSD,1.52512e-06,1.60194e-06,1.49382e-06,1.57559e-06,0.0
2023-12-09 01:00:00,CRYPTO:PEPEUSD,1.57575e-06,1.74983e-06,1.50624e-06,1.53267e-06,0.0
2023-12-10 01:00:00,CRYPTO:PEPEUSD,1.53265e-06,1.63466e-06,1.50004e-06,1.6037e-06,0.0
2023-12-11 01:00:00,CRYPTO:PEPEUSD,1.60325e-06,1.61392e-06,1.31844e-06,1.41352e-06,0.0
2023-12-12 01:00:00,CRYPTO:PEPEUSD,1.41352e-06,1.45615e-06,1.34398e-06,1.39508e-06,0.0
2023-12-13 01:00:00,CRYPTO:PEPEUSD,1.39508e-06,1.43689e-06,1.30072e-06,1.41359e-06,0.0
2023-12-14 01:00:00,CRYPTO:PEPEUSD,1.41359e-06,1.48363e-06,1.34422e-06,1.48331e-06,0.0
2023-12-15 01:00:00,CRYPTO:PEPEUSD,1.48362e-06,1.49304e-06,1.32192e-06,1.32862e-06,0.0
2023-12-16 01:00:00,CRYPTO:PEPEUSD,1.32862e-06,1.47367e-06,1.31333e-06,1.41602e-06,0.0
2023-12-17 01:00:00,CRYPTO:PEPEUSD,1.41602e-06,1.46569e-06,1.32895e-06,1.33503e-06,0.0
2023-12-18 01:00:00,CRYPTO:PEPEUSD,1.33503e-06,1.35291e-06,1.20471e-06,1.30462e-06,0.0
2023-12-19 01:00:00,CRYPTO:PEPEUSD,1.30462e-06,1.33703e-06,1.24005e-06,1.24732e-06,0.0
2023-12-20 01:00:00,CRYPTO:PEPEUSD,1.24732e-06,1.31286e-06,1.232e-06,1.26773e-06,0.0
2023-12-21 01:00:00,CRYPTO:PEPEUSD,1.26773e-06,1.32532e-06,1.22857e-06,1.30495e-06,0.0
2023-12-22 01:00:00,CRYPTO:PEPEUSD,1.30496e-06,1.58422e-06,1.25923e-06,1.57719e-06,0.0
2023-12-23 01:00:00,CRYPTO:PEPEUSD,1.57719e-06,1.59496e-06,1.44094e-06,1.47269e-06,0.0
2023-12-24 01:00:00,CRYPTO:PEPEUSD,1.47264e-06,1.48909e-06,1.33509e-06,1.37415e-06,0.0
2023-12-25 01:00:00,CRYPTO:PEPEUSD,1.37319e-06,1.44497e-06,1.35797e-06,1.40642e-06,0.0
2023-12-26 01:00:00,CRYPTO:PEPEUSD,1.40642e-06,1.4252e-06,1.25639e-06,1.33759e-06,0.0
2023-12-27 01:00:00,CRYPTO:PEPEUSD,1.33759e-06,1.49156e-06,1.28274e-06,1.44597e-06,0.0
2023-12-28 01:00:00,CRYPTO:PEPEUSD,1.4465e-06,1.50093e-06,1.33287e-06,1.34343e-06,0.0
2023-12-29 01:00:00,CRYPTO:PEPEUSD,1.34343e-06,1.43867e-06,1.30167e-06,1.34677e-06,0.0
2023-12-30 01:00:00,CRYPTO:PEPEUSD,1.34695e-06,1.37004e-06,1.30496e-06,1.30824e-06,0.0
2023-12-31 01:00:00,CRYPTO:PEPEUSD,1.30824e-06,1.35251e-06,1.26129e-06,1.29495e-06,0.0
2024-01-01 01:00:00,CRYPTO:PEPEUSD,1.29495e-06,1.40908e-06,1.26281e-06,1.40413e-06,0.0
2024-01-02 01:00:00,CRYPTO:PEPEUSD,1.40413e-06,1.44006e-06,1.32209e-06,1.33813e-06,0.0
2024-01-03 01:00:00,CRYPTO:PEPEUSD,1.33795e-06,1.424e-06,1.03083e-06,1.18596e-06,0.0
2024-01-04 01:00:00,CRYPTO:PEPEUSD,1.1862e-06,1.28986e-06,1.17336e-06,1.25599e-06,0.0
2024-01-05 01:00:00,CRYPTO:PEPEUSD,1.25583e-06,1.27633e-06,1.1614e-06,1.19805e-06,0.0
2024-01-06 01:00:00,CRYPTO:PEPEUSD,1.19805e-06,1.19825e-06,1.09825e-06,1.15686e-06,0.0
2024-01-07 01:00:00,CRYPTO:PEPEUSD,1.15764e-06,1.21648e-06,1.0943e-06,1.11389e-06,0.0
2024-01-08 01:00:00,CRYPTO:PEPEUSD,1.11372e-06,1.20907e-06,1.033e-06,1.1947e-06,0.0
2024-01-09 01:00:00,CRYPTO:PEPEUSD,1.1944e-06,1.25409e-06,1.10096e-06,1.19751e-06,0.0
2024-01-10 01:00:00,CRYPTO:PEPEUSD,1.19747e-06,1.38718e-06,1.16055e-06,1.3295e-06,0.0
2024-01-11 01:00:00,CRYPTO:PEPEUSD,1.32951e-06,1.498e-06,1.30727e-06,1.36351e-06,0.0
2024-01-12 01:00:00,CRYPTO:PEPEUSD,1.36351e-06,1.40459e-06,1.19188e-06,1.23488e-06,0.0
2024-01-13 01:00:00,CRYPTO:PEPEUSD,1.23493e-06,1.26377e-06,1.18757e-06,1.24426e-06,0.0
2024-01-14 01:00:00,CRYPTO:PEPEUSD,1.24423e-06,1.25505e-06,1.19215e-06,1.19407e-06,0.0
2024-01-15 01:00:00,CRYPTO:PEPEUSD,1.19407e-06,1.24445e-06,1.1919e-06,1.20383e-06,0.0
2024-01-16 01:00:00,CRYPTO:PEPEUSD,1.20387e-06,1.26519e-06,1.17968e-06,1.2427e-06,0.0
2024-01-17 01:00:00,CRYPTO:PEPEUSD,1.2427e-06,1.26658e-06,1.19115e-06,1.20714e-06,0.0
2024-01-18 01:00:00,CRYPTO:PEPEUSD,1.20714e-06,1.20983e-06,1.12179e-06,1.14211e-06,0.0
2024-01-19 01:00:00,CRYPTO:PEPEUSD,1.14207e-06,1.14817e-06,1.057e-06,1.13562e-06,0.0
2024-01-20 01:00:00,CRYPTO:PEPEUSD,1.13528e-06,1.17921e-06,1.1084e-06,1.16529e-06,0.0
2024-01-21 01:00:00,CRYPTO:PEPEUSD,1.16531e-06,1.18956e-06,1.11725e-06,1.12247e-06,0.0
2024-01-22 01:00:00,CRYPTO:PEPEUSD,1.12243e-06,1.12611e-06,1.04466e-06,1.05367e-06,0.0
2024-01-23 01:00:00,CRYPTO:PEPEUSD,1.05362e-06,1.07179e-06,9.7511e-07,1.0403e-06,0.0
2024-01-24 01:00:00,CRYPTO:PEPEUSD,1.0403e-06,1.06644e-06,1.022e-06,1.04211e-06,0.0
2024-01-25 01:00:00,CRYPTO:PEPEUSD,1.04211e-06,1.04937e-06,1.00107e-06,1.02662e-06,0.0
2024-01-26 01:00:00,CRYPTO:PEPEUSD,1.02662e-06,1.08949e-06,1.01608e-06,1.08255e-06,0.0
2024-01-27 01:00:00,CRYPTO:PEPEUSD,1.08255e-06,1.10434e-06,1.06997e-06,1.09316e-06,0.0
2024-01-28 01:00:00,CRYPTO:PEPEUSD,1.0936e-06,1.11799e-06,1.05258e-06,1.06508e-06,0.0
2024-01-29 01:00:00,CRYPTO:PEPEUSD,1.06508e-06,1.08381e-06,1.03581e-06,1.06433e-06,0.0
2024-01-30 01:00:00,CRYPTO:PEPEUSD,1.06433e-06,1.07936e-06,1.0044e-06,1.00854e-06,0.0
2024-01-31 01:00:00,CRYPTO:PEPEUSD,1.00854e-06,1.0128e-06,9.0717e-07,9.136e-07,0.0
2024-02-01 01:00:00,CRYPTO:PEPEUSD,9.1361e-07,9.3665e-07,8.8767e-07,9.1625e-07,0.0
2024-02-02 01:00:00,CRYPTO:PEPEUSD,9.1617e-07,9.3881e-07,9.1436e-07,9.2811e-07,0.0
2024-02-03 01:00:00,CRYPTO:PEPEUSD,9.2788e-07,9.471e-07,9.1659e-07,9.2457e-07,0.0
2024-02-04 01:00:00,CRYPTO:PEPEUSD,9.2413e-07,9.2454e-07,8.7958e-07,8.8697e-07,0.0
2024-02-05 01:00:00,CRYPTO:PEPEUSD,8.8718e-07,9.7697e-07,8.6686e-07,8.9758e-07,0.0
2024-02-06 01:00:00,CRYPTO:PEPEUSD,8.9758e-07,9.1603e-07,8.8481e-07,9.0268e-07,0.0
2024-02-07 01:00:00,CRYPTO:PEPEUSD,9.0268e-07,9.8259e-07,9.0268e-07,9.6636e-07,0.0
2024-02-08 01:00:00,CRYPTO:PEPEUSD,9.6626e-07,9.8266e-07,9.4688e-07,9.5456e-07,0.0
2024-02-09 01:00:00,CRYPTO:PEPEUSD,9.5456e-07,1.02973e-06,9.5367e-07,1.01587e-06,0.0
2024-02-10 01:00:00,CRYPTO:PEPEUSD,1.01587e-06,1.04044e-06,1.00462e-06,1.01405e-06,0.0
2024-02-11 01:00:00,CRYPTO:PEPEUSD,1.01405e-06,1.03452e-06,9.8763e-07,1.0048e-06,0.0
2024-02-12 01:00:00,CRYPTO:PEPEUSD,1.00485e-06,1.0889e-06,9.8737e-07,1.07936e-06,0.0
2024-02-13 01:00:00,CRYPTO:PEPEUSD,1.07936e-06,1.133e-06,1.05185e-06,1.08311e-06,0.0
2024-02-14 01:00:00,CRYPTO:PEPEUSD,1.08311e-06,1.25802e-06,1.06351e-06,1.24656e-06,0.0
2024-02-15 01:00:00,CRYPTO:PEPEUSD,1.24656e-06,1.30326e-06,1.1988e-06,1.24473e-06,0.0
2024-02-16 01:00:00,CRYPTO:PEPEUSD,1.2447e-06,1.26021e-06,1.14608e-06,1.16685e-06,0.0
2024-02-17 01:00:00,CRYPTO:PEPEUSD,1.16685e-06,1.19681e-06,1.11085e-06,1.18699e-06,0.0
2024-02-18 01:00:00,CRYPTO:PEPEUSD,1.18693e-06,1.23425e-06,1.16772e-06,1.22466e-06,0.0
2024-02-19 01:00:00,CRYPTO:PEPEUSD,1.22472e-06,1.25999e-06,1.19382e-06,1.23046e-06,0.0
2024-02-20 01:00:00,CRYPTO:PEPEUSD,1.23046e-06,1.24321e-06,1.12347e-06,1.19329e-06,0.0
2024-02-21 01:00:00,CRYPTO:PEPEUSD,1.19333e-06,1.19804e-06,1.09929e-06,1.15278e-06,0.0
2024-02-22 01:00:00,CRYPTO:PEPEUSD,1.15278e-06,1.23991e-06,1.10605e-06,1.20919e-06,0.0
2024-02-23 01:00:00,CRYPTO:PEPEUSD,1.20953e-06,1.40231e-06,1.17208e-06,1.19502e-06,0.0
2024-02-24 01:00:00,CRYPTO:PEPEUSD,1.19502e-06,1.31757e-06,1.15096e-06,1.31173e-06,0.0
2024-02-25 01:00:00,CRYPTO:PEPEUSD,1.31145e-06,1.39544e-06,1.28047e-06,1.37501e-06,0.0
2024-02-26 01:00:00,CRYPTO:PEPEUSD,1.37485e-06,1.8834e-06,1.34522e-06,1.80617e-06,0.0
2024-02-27 01:00:00,CRYPTO:PEPEUSD,1.80559e-06,2.96436e-06,1.74527e-06,2.6577e-06,0.0
2024-02-28 01:00:00,CRYPTO:PEPEUSD,2.65787e-06,3.59688e-06,2.58055e-06,3.17729e-06,0.0
2024-02-29 01:00:00,CRYPTO:PEPEUSD,3.17729e-06,3.321e-06,2.63994e-06,2.73683e-06,0.0
2024-03-01 01:00:00,CRYPTO:PEPEUSD,2.73671e-06,4.30264e-06,2.67278e-06,3.99225e-06,0.0
2024-03-02 01:00:00,CRYPTO:PEPEUSD,3.9925e-06,4.97361e-06,3.92472e-06,4.37663e-06,0.0
2024-03-03 01:00:00,CRYPTO:PEPEUSD,4.37616e-06,6.0019e-06,3.62791e-06,5.92853e-06,0.0
2024-03-04 01:00:00,CRYPTO:PEPEUSD,5.92853e-06,8.27714e-06,5.58534e-06,7.01582e-06,0.0
2024-03-05 01:00:00,CRYPTO:PEPEUSD,7.0159e-06,8.69698e-06,4.96762e-06,6.30892e-06,0.0
2024-03-06 01:00:00,CRYPTO:PEPEUSD,6.30878e-06,8.24667e-06,5.90585e-06,7.20655e-06,0.0
2024-03-07 01:00:00,CRYPTO:PEPEUSD,7.20659e-06,7.58357e-06,6.404e-06,6.81562e-06,0.0
2024-03-08 01:00:00,CRYPTO:PEPEUSD,6.81581e-06,9.51886e-06,6.76024e-06,9.0283e-06,0.0
2024-03-09 01:00:00,CRYPTO:PEPEUSD,9.0283e-06,9.92231e-06,8.44161e-06,8.7772e-06,0.0
2024-03-10 01:00:00,CRYPTO:PEPEUSD,8.77734e-06,9.30726e-06,8.21496e-06,8.55875e-06,0.0
2024-03-11 01:00:00,CRYPTO:PEPEUSD,8.55809e-06,9.50997e-06,7.81717e-06,9.04611e-06,0.0
2024-03-12 01:00:00,CRYPTO:PEPEUSD,9.04609e-06,9.13993e-06,7.5162e-06,8.28128e-06,0.0
2024-03-13 01:00:00,CRYPTO:PEPEUSD,8.28128e-06,9.36152e-06,8.11313e-06,9.02506e-06,0.0
2024-03-14 01:00:00,CRYPTO:PEPEUSD,9.02587e-06,1.083161e-05,8.74873e-06,9.9625e-06,0.0
2024-03-15 01:00:00,CRYPTO:PEPEUSD,9.96236e-06,1.033488e-05,8.2552e-06,8.91616e-06,0.0
2024-03-16 01:00:00,CRYPTO:PEPEUSD,8.91616e-06,9.07652e-06,7.02318e-06,7.43195e-06,0.0
2024-03-17 01:00:00,CRYPTO:PEPEUSD,7.43155e-06,8.18193e-06,6.87877e-06,7.84312e-06,0.0
2024-03-18 01:00:00,CRYPTO:PEPEUSD,7.84378e-06,8.18496e-06,6.60433e-06,6.80862e-06,0.0
2024-03-19 01:00:00,CRYPTO:PEPEUSD,6.80838e-06,7.42603e-06,5.81955e-06,6.59501e-06,0.0
2024-03-20 01:00:00,CRYPTO:PEPEUSD,6.59549e-06,8.58875e-06,6.42116e-06,8.3798e-06,0.0
2024-03-21 01:00:00,CRYPTO:PEPEUSD,8.37983e-06,8.45651e-06,7.66556e-06,7.89718e-06,0.0
2024-03-22 01:00:00,CRYPTO:PEPEUSD,7.89643e-06,8.27371e-06,7.10145e-06,7.41982e-06,0.0
2024-03-23 01:00:00,CRYPTO:PEPEUSD,7.42027e-06,7.73686e-06,7.30894e-06,7.32127e-06,0.0
2024-03-24 01:00:00,CRYPTO:PEPEUSD,7.32104e-06,7.99496e-06,7.18582e-06,7.81635e-06,0.0
2024-03-25 01:00:00,CRYPTO:PEPEUSD,7.81619e-06,8.500529e-06,7.43744e-06,8.092946e-06,0.0
2024-03-26 01:00:00,CRYPTO:PEPEUSD,8.092984e-06,8.730445e-06,7.838992e-06,8.033901e-06,0.0
2024-03-27 01:00:00,CRYPTO:PEPEUSD,8.033958e-06,8.360856e-06,7.518676e-06,7.62529e-06,0.0
2024-03-28 01:00:00,CRYPTO:PEPEUSD,7.62476e-06,8.310879e-06,7.382421e-06,8.019607e-06,0.0
2024-03-29 01:00:00,CRYPTO:PEPEUSD,8.021474e-06,8.06389e-06,7.576491e-06,7.739662e-06,0.0
2024-03-30 01:00:00,CRYPTO:PEPEUSD,7.739662e-06,8.853487e-06,7.711398e-06,8.125682e-06,0.0
2024-03-31 01:00:00,CRYPTO:PEPEUSD,8.125711e-06,9.190277e-06,8.032212e-06,8.801886e-06,0.0
2024-04-01 02:00:00,CRYPTO:PEPEUSD,8.801712e-06,8.802222e-06,7.653037e-06,7.9261e-06,0.0
2024-04-02 02:00:00,CRYPTO:PEPEUSD,7.926e-06,7.931596e-06,6.901244e-06,7.251867e-06,0.0
2024-04-03 02:00:00,CRYPTO:PEPEUSD,7.251617e-06,7.439192e-06,6.602976e-06,6.805112e-06,0.0
2024-04-04 02:00:00,CRYPTO:PEPEUSD,6.805112e-06,7.191183e-06,6.612495e-06,6.923413e-06,0.0
2024-04-05 02:00:00,CRYPTO:PEPEUSD,6.92318e-06,6.986774e-06,6.35222e-06,6.573867e-06,0.0
2024-04-06 02:00:00,CRYPTO:PEPEUSD,6.573992e-06,6.867804e-06,6.5427e-06,6.771258e-06,0.0
2024-04-07 02:00:00,CRYPTO:PEPEUSD,6.771526e-06,7.526119e-06,6.728489e-06,7.445181e-06,0.0
2024-04-08 02:00:00,CRYPTO:PEPEUSD,7.445298e-06,7.953624e-06,7.19885e-06,7.766679e-06,0.0
2024-04-09 02:00:00,CRYPTO:PEPEUSD,7.766753e-06,7.866998e-06,6.931134e-06,7.037144e-06,0.0
2024-04-10 02:00:00,CRYPTO:PEPEUSD,7.03715e-06,7.252839e-06,6.688937e-06,7.135536e-06,0.0
2024-04-11 02:00:00,CRYPTO:PEPEUSD,7.135543e-06,7.553994e-06,6.815172e-06,7.311826e-06,0.0
2024-04-12 02:00:00,CRYPTO:PEPEUSD,7.311836e-06,7.566723e-06,4.795839e-06,5.919057e-06,0.0
2024-04-13 02:00:00,CRYPTO:PEPEUSD,5.918367e-06,6.05107e-06,3.941054e-06,5.049768e-06,0.0
2024-04-14 02:00:00,CRYPTO:PEPEUSD,5.049528e-06,5.56694e-06,4.830058e-06,5.444957e-06,0.0
2024-04-15 02:00:00,CRYPTO:PEPEUSD,5.444586e-06,5.815144e-06,4.741846e-06,5.097037e-06,0.0
2024-04-16 02:00:00,CRYPTO:PEPEUSD,5.097037e-06,5.558438e-06,4.759836e-06,5.406222e-06,0.0
2024-04-17 02:00:00,CRYPTO:PEPEUSD,5.406195e-06,5.482428e-06,4.86728e-06,4.915643e-06,0.0
2024-04-18 02:00:00,CRYPTO:PEPEUSD,4.915643e-06,5.29536e-06,4.63973e-06,5.084062e-06,0.0
2024-04-19 02:00:00,CRYPTO:PEPEUSD,5.084063e-06,5.461205e-06,4.60414e-06,5.135122e-06,0.0
2024-04-20 02:00:00,CRYPTO:PEPEUSD,5.134983e-06,5.890561e-06,5.028747e-06,5.811768e-06,0.0
2024-04-21 02:00:00,CRYPTO:PEPEUSD,5.811768e-06,6.230298e-06,5.613081e-06,5.958315e-06,0.0
2024-04-22 02:00:00,CRYPTO:PEPEUSD,5.958315e-06,6.982591e-06,5.928812e-06,6.876312e-06,0.0
2024-04-23 02:00:00,CRYPTO:PEPEUSD,6.876251e-06,7.860698e-06,6.657278e-06,7.680268e-06,0.0
2024-04-24 02:00:00,CRYPTO:PEPEUSD,7.680268e-06,8.183653e-06,7.057244e-06,7.246587e-06,0.0
2024-04-25 02:00:00,CRYPTO:PEPEUSD,7.246114e-06,8.074254e-06,6.948805e-06,7.776554e-06,0.0
2024-04-26 02:00:00,CRYPTO:PEPEUSD,7.776247e-06,7.884954e-06,7.232667e-06,7.372502e-06,0.0
2024-04-27 02:00:00,CRYPTO:PEPEUSD,7.372502e-06,7.420461e-06,6.674467e-06,7.204021e-06,0.0
2024-04-28 02:00:00,CRYPTO:PEPEUSD,7.204021e-06,7.745175e-06,7.139613e-06,7.220165e-06,0.0
2024-04-29 02:00:00,CRYPTO:PEPEUSD,7.22027e-06,7.485388e-06,6.7939e-06,7.357727e-06,0.0
2024-04-30 02:00:00,CRYPTO:PEPEUSD,7.35764e-06,7.585681e-06,6.340171e-06,6.668221e-06,0.0
2024-05-01 02:00:00,CRYPTO:PEPEUSD,6.668221e-06,7.208484e-06,5.933049e-06,6.982333e-06,0.0
2024-05-02 02:00:00,CRYPTO:PEPEUSD,6.981669e-06,7.855572e-06,6.669495e-06,7.529262e-06,0.0
2024-05-03 02:00:00,CRYPTO:PEPEUSD,7.529565e-06,8.287862e-06,7.453669e-06,8.078027e-06,0.0
2024-05-04 02:00:00,CRYPTO:PEPEUSD,8.077847e-06,8.982379e-06,8.023347e-06,8.67278e-06,0.0
2024-05-05 02:00:00,CRYPTO:PEPEUSD,8.672868e-06,8.791407e-06,8.265233e-06,8.525195e-06,0.0
2024-05-06 02:00:00,CRYPTO:PEPEUSD,8.52507e-06,9.169757e-06,8.324893e-06,8.345372e-06,0.0
2024-05-07 02:00:00,CRYPTO:PEPEUSD,8.345281e-06,8.64143e-06,7.898733e-06,7.902484e-06,0.0
2024-05-08 02:00:00,CRYPTO:PEPEUSD,7.902484e-06,8.24937e-06,7.619135e-06,7.95949e-06,0.0
2024-05-09 02:00:00,CRYPTO:PEPEUSD,7.959163e-06,8.735598e-06,7.898482e-06,8.535188e-06,0.0
2024-05-10 02:00:00,CRYPTO:PEPEUSD,8.535065e-06,8.807642e-06,8.165933e-06,8.406312e-06,0.0
2024-05-11 02:00:00,CRYPTO:PEPEUSD,8.406354e-06,8.941653e-06,8.379499e-06,8.511319e-06,0.0
2024-05-12 02:00:00,CRYPTO:PEPEUSD,8.511264e-06,8.949027e-06,8.491046e-06,8.750778e-06,0.0
2024-05-13 02:00:00,CRYPTO:PEPEUSD,8.751046e-06,1.1136164e-05,8.299296e-06,9.910876e-06,0.0
2024-05-14 02:00:00,CRYPTO:PEPEUSD,9.909427e-06,1.1444543e-05,9.830022e-06,1.0568874e-05,0.0
2024-05-15 02:00:00,CRYPTO:PEPEUSD,1.0568919e-05,1.1591772e-05,9.954474e-06,1.0505336e-05,0.0
2024-05-16 02:00:00,CRYPTO:PEPEUSD,1.0505823e-05,1.0795516e-05,9.621229e-06,1.0041777e-05,0.0
2024-05-17 02:00:00,CRYPTO:PEPEUSD,1.0042025e-05,1.0422399e-05,9.845509e-06,1.0173668e-05,0.0
2024-05-18 02:00:00,CRYPTO:PEPEUSD,1.0173766e-05,1.0456803e-05,9.189488e-06,9.543602e-06,0.0
2024-05-19 02:00:00,CRYPTO:PEPEUSD,9.543602e-06,9.591003e-06,8.904669e-06,9.155936e-06,0.0
2024-05-20 02:00:00,CRYPTO:PEPEUSD,9.155793e-06,1.14241e-05,8.957513e-06,1.1411219e-05,0.0
2024-05-21 02:00:00,CRYPTO:PEPEUSD,1.1411219e-05,1.4089913e-05,1.0844346e-05,1.3833039e-05,0.0
2024-05-22 02:00:00,CRYPTO:PEPEUSD,1.3832496e-05,1.4282159e-05,1.2538816e-05,1.3386282e-05,0.0
2024-05-23 02:00:00,CRYPTO:PEPEUSD,1.3385355e-05,1.574034e-05,1.2787032e-05,1.4928393e-05,0.0
2024-05-24 02:00:00,CRYPTO:PEPEUSD,1.4927283e-05,1.5144457e-05,1.3448324e-05,1.4142876e-05,0.0
2024-05-25 02:00:00,CRYPTO:PEPEUSD,1.4142876e-05,1.58409e-05,1.4115725e-05,1.4967298e-05,0.0
2024-05-26 02:00:00,CRYPTO:PEPEUSD,1.4966673e-05,1.636399e-05,1.4647306e-05,1.6014607e-05,0.0
2024-05-27 02:00:00,CRYPTO:PEPEUSD,1.6014607e-05,1.7222992e-05,1.5995925e-05,1.6697073e-05,0.0
2024-05-28 02:00:00,CRYPTO:PEPEUSD,1.6697098e-05,1.709091e-05,1.5636061e-05,1.5987366e-05,0.0
2024-05-29 02:00:00,CRYPTO:PEPEUSD,1.5987299e-05,1.6523577e-05,1.4351605e-05,1.4747428e-05,0.0
2024-05-30 02:00:00,CRYPTO:PEPEUSD,1.4747152e-05,1.5193474e-05,1.3145111e-05,1.4400509e-05,0.0
2024-05-31 02:00:00,CRYPTO:PEPEUSD,1.4401009e-05,1.5781636e-05,1.4269401e-05,1.5409328e-05,0.0
2024-06-01 02:00:00,CRYPTO:PEPEUSD,1.5409356e-05,1.5736758e-05,1.4747931e-05,1.4845295e-05,0.0
2024-06-02 02:00:00,CRYPTO:PEPEUSD,1.4844895e-05,1.5058082e-05,1.3900527e-05,1.4617707e-05,0.0
2024-06-03 02:00:00,CRYPTO:PEPEUSD,1.4617707e-05,1.5488058e-05,1.4355968e-05,1.4438775e-05,0.0
2024-06-04 02:00:00,CRYPTO:PEPEUSD,1.4438428e-05,1.4776998e-05,1.3999468e-05,1.4361269e-05,0.0
2024-06-05 02:00:00,CRYPTO:PEPEUSD,1.4361302e-05,1.5059613e-05,1.4087975e-05,1.4584317e-05,0.0
2024-06-06 02:00:00,CRYPTO:PEPEUSD,1.4584428e-05,1.5199135e-05,1.4216475e-05,1.4347714e-05,0.0
2024-06-07 02:00:00,CRYPTO:PEPEUSD,1.4347603e-05,1.4517487e-05,1.1198479e-05,1.2778088e-05,0.0
2024-06-08 02:00:00,CRYPTO:PEPEUSD,1.2778428e-05,1.3212273e-05,1.1981133e-05,1.2103812e-05,0.0
2024-06-09 02:00:00,CRYPTO:PEPEUSD,1.2104446e-05,1.2944546e-05,1.185862e-05,1.2755044e-05,0.0
2024-06-10 02:00:00,CRYPTO:PEPEUSD,1.2755044e-05,1.311094e-05,1.2051656e-05,1.2076485e-05,0.0
2024-06-11 02:00:00,CRYPTO:PEPEUSD,1.2076485e-05,1.2989745e-05,1.1366621e-05,1.2729226e-05,0.0
2024-06-12 02:00:00,CRYPTO:PEPEUSD,1.2728796e-05,1.3886778e-05,1.2114479e-05,1.3207499e-05,0.0
2024-06-13 02:00:00,CRYPTO:PEPEUSD,1.3207213e-05,1.3332921e-05,1.1716907e-05,1.190607e-05,0.0
2024-06-14 02:00:00,CRYPTO:PEPEUSD,1.190607e-05,1.2260031e-05,1.0579527e-05,1.1367819e-05,0.0
2024-06-15 02:00:00,CRYPTO:PEPEUSD,1.136914e-05,1.227302e-05,1.1328784e-05,1.1840311e-05,0.0
2024-06-16 02:00:00,CRYPTO:PEPEUSD,1.1840711e-05,1.2442562e-05,1.1447033e-05,1.230348e-05,0.0
2024-06-17 02:00:00,CRYPTO:PEPEUSD,1.2303497e-05,1.2415113e-05,1.0764887e-05,1.1159288e-05,0.0
2024-06-18 02:00:00,CRYPTO:PEPEUSD,1.1159843e-05,1.123947e-05,9.728835e-06,1.0962981e-05,0.0
2024-06-19 02:00:00,CRYPTO:PEPEUSD,1.0962716e-05,1.188473e-05,1.0762122e-05,1.1348231e-05,0.0
2024-06-20 02:00:00,CRYPTO:PEPEUSD,1.1348197e-05,1.2234846e-05,1.088898e-05,1.0989014e-05,0.0
2024-06-21 02:00:00,CRYPTO:PEPEUSD,1.0989014e-05,1.171104e-05,1.0554906e-05,1.1405209e-05,0.0
2024-06-22 02:00:00,CRYPTO:PEPEUSD,1.1405375e-05,1.1628026e-05,1.1173463e-05,1.1412402e-05,0.0
2024-06-23 02:00:00,CRYPTO:PEPEUSD,1.1412277e-05,1.183428e-05,1.0822501e-05,1.0909643e-05,0.0
2024-06-24 02:00:00,CRYPTO:PEPEUSD,1.09098e-05,1.1318372e-05,1.0006663e-05,1.129176e-05,0.0
2024-06-25 02:00:00,CRYPTO:PEPEUSD,1.1291398e-05,1.3035717e-05,1.1265669e-05,1.2836781e-05,0.0
2024-06-26 02:00:00,CRYPTO:PEPEUSD,1.283768e-05,1.3459492e-05,1.2116415e-05,1.2531731e-05,0.0
2024-06-27 02:00:00,CRYPTO:PEPEUSD,1.2534438e-05,1.2717861e-05,1.2113673e-05,1.2586117e-05,0.0
2024-06-28 02:00:00,CRYPTO:PEPEUSD,1.2587143e-05,1.2621838e-05,1.1377784e-05,1.1565772e-05,0.0
2024-06-29 02:00:00,CRYPTO:PEPEUSD,1.1565772e-05,1.1833775e-05,1.1245847e-05,1.1288773e-05,0.0
2024-06-30 02:00:00,CRYPTO:PEPEUSD,1.1288773e-05,1.1908947e-05,1.081283e-05,1.1908808e-05,0.0
2024-07-01 02:00:00,CRYPTO:PEPEUSD,1.190781e-05,1.2145983e-05,1.1302959e-05,1.140986e-05,0.0
2024-07-02 02:00:00,CRYPTO:PEPEUSD,1.1409991e-05,1.1625603e-05,1.0974357e-05,1.1311312e-05,0.0
2024-07-03 02:00:00,CRYPTO:PEPEUSD,1.1310784e-05,1.1328522e-05,9.962948e-06,1.023452e-05,0.0
2024-07-04 02:00:00,CRYPTO:PEPEUSD,1.023452e-05,1.0359109e-05,8.833919e-06,8.918496e-06,0.0
2024-07-05 02:00:00,CRYPTO:PEPEUSD,8.918216e-06,9.175806e-06,7.644534e-06,8.879514e-06,0.0
2024-07-06 02:00:00,CRYPTO:PEPEUSD,8.879312e-06,9.898196e-06,8.728624e-06,9.726776e-06,0.0
2024-07-07 02:00:00,CRYPTO:PEPEUSD,9.726468e-06,9.73927e-06,8.341368e-06,8.4051e-06,0.0
2024-07-08 02:00:00,CRYPTO:PEPEUSD,8.4049e-06,9.515223e-06,7.753282e-06,9.146988e-06,0.0
2024-07-09 02:00:00,CRYPTO:PEPEUSD,9.146381e-06,9.576168e-06,8.898786e-06,9.079919e-06,0.0
2024-07-10 02:00:00,CRYPTO:PEPEUSD,9.079697e-06,9.437492e-06,8.763939e-06,9.201283e-06,0.0
2024-07-11 02:00:00,CRYPTO:PEPEUSD,9.201497e-06,9.768983e-06,8.805461e-06,8.895734e-06,0.0
2024-07-12 02:00:00,CRYPTO:PEPEUSD,8.895932e-06,8.981112e-06,8.281515e-06,8.684156e-06,0.0
2024-07-13 02:00:00,CRYPTO:PEPEUSD,8.68396e-06,8.928451e-06,8.46156e-06,8.690504e-06,0.0
2024-07-14 02:00:00,CRYPTO:PEPEUSD,8.690489e-06,9.351041e-06,8.610362e-06,9.204837e-06,0.0
2024-07-15 02:00:00,CRYPTO:PEPEUSD,9.204286e-06,1.1459163e-05,9.14181e-06,1.1325376e-05,0.0
2024-07-16 02:00:00,CRYPTO:PEPEUSD,1.1325246e-05,1.2659151e-05,1.1128479e-05,1.2374841e-05,0.0
2024-07-17 02:00:00,CRYPTO:PEPEUSD,1.2375397e-05,1.2885634e-05,1.1524857e-05,1.1688707e-05,0.0
2024-07-18 02:00:00,CRYPTO:PEPEUSD,1.1687787e-05,1.2222465e-05,1.1234926e-05,1.1642888e-05,0.0
2024-07-19 02:00:00,CRYPTO:PEPEUSD,1.164334e-05,1.3031809e-05,1.1293908e-05,1.2686223e-05,0.0
2024-07-20 02:00:00,CRYPTO:PEPEUSD,1.2686222e-05,1.2762104e-05,1.1925763e-05,1.2218563e-05,0.0
2024-07-21 02:00:00,CRYPTO:PEPEUSD,1.2218563e-05,1.2735506e-05,1.1584246e-05,1.249905e-05,0.0
2024-07-22 02:00:00,CRYPTO:PEPEUSD,1.2499577e-05,1.2672369e-05,1.1738345e-05,1.1891499e-05,0.0
2024-07-23 02:00:00,CRYPTO:PEPEUSD,1.1891332e-05,1.2744984e-05,1.1605819e-05,1.2531841e-05,0.0
2024-07-24 02:00:00,CRYPTO:PEPEUSD,1.2531966e-05,1.3143994e-05,1.1982537e-05,1.2207322e-05,0.0
2024-07-25 02:00:00,CRYPTO:PEPEUSD,1.2207211e-05,1.2267401e-05,1.085708e-05,1.1475475e-05,0.0
2024-07-26 02:00:00,CRYPTO:PEPEUSD,1.1474938e-05,1.2113148e-05,1.1402802e-05,1.2023312e-05,0.0
2024-07-27 02:00:00,CRYPTO:PEPEUSD,1.2024312e-05,1.2486596e-05,1.1589553e-05,1.1902275e-05,0.0
2024-07-28 02:00:00,CRYPTO:PEPEUSD,1.1902275e-05,1.1973982e-05,1.1543912e-05,1.1747144e-05,0.0
2024-07-29 02:00:00,CRYPTO:PEPEUSD,1.1745834e-05,1.2404502e-05,1.1698169e-05,1.179192e-05,0.0
2024-07-30 02:00:00,CRYPTO:PEPEUSD,1.1791972e-05,1.2027031e-05,1.1043188e-05,1.1308206e-05,0.0
2024-07-31 02:00:00,CRYPTO:PEPEUSD,1.1308206e-05,1.1633113e-05,1.0869971e-05,1.1040332e-05,0.0
2024-08-01 02:00:00,CRYPTO:PEPEUSD,1.1040332e-05,1.114167e-05,9.747374e-06,1.0517311e-05,0.0
2024-08-02 02:00:00,CRYPTO:PEPEUSD,1.0517291e-05,1.0592915e-05,9.233671e-06,9.318166e-06,0.0
2024-08-03 02:00:00,CRYPTO:PEPEUSD,9.320357e-06,9.534851e-06,8.287623e-06,8.61106e-06,0.0
2024-08-04 02:00:00,CRYPTO:PEPEUSD,8.610673e-06,8.772742e-06,7.67548e-06,8.094447e-06,0.0
2024-08-05 02:00:00,CRYPTO:PEPEUSD,8.094113e-06,8.243213e-06,5.856044e-06,7.042298e-06,0.0
2024-08-06 02:00:00,CRYPTO:PEPEUSD,7.041441e-06,8.182954e-06,7.034442e-06,7.742722e-06,0.0
2024-08-07 02:00:00,CRYPTO:PEPEUSD,7.742767e-06,8.381708e-06,7.265571e-06,7.367117e-06,0.0
2024-08-08 02:00:00,CRYPTO:PEPEUSD,7.36664e-06,8.884513e-06,7.192752e-06,8.764048e-06,0.0
2024-08-09 02:00:00,CRYPTO:PEPEUSD,8.764102e-06,8.989819e-06,8.319132e-06,8.524333e-06,0.0
2024-08-10 02:00:00,CRYPTO:PEPEUSD,8.524088e-06,8.706761e-06,8.291238e-06,8.43827e-06,0.0
2024-08-11 02:00:00,CRYPTO:PEPEUSD,8.437938e-06,8.780663e-06,7.655813e-06,7.723632e-06,0.0
2024-08-12 02:00:00,CRYPTO:PEPEUSD,7.723422e-06,8.494128e-06,7.708224e-06,8.228391e-06,0.0
2024-08-13 02:00:00,CRYPTO:PEPEUSD,8.228536e-06,8.369379e-06,7.895823e-06,8.185089e-06,0.0
2024-08-14 02:00:00,CRYPTO:PEPEUSD,8.185079e-06,8.467899e-06,7.910559e-06,8.011128e-06,0.0
2024-08-15 02:00:00,CRYPTO:PEPEUSD,8.011461e-06,8.064167e-06,7.206976e-06,7.446391e-06,0.0
2024-08-16 02:00:00,CRYPTO:PEPEUSD,7.446259e-06,7.586286e-06,6.873935e-06,7.180479e-06,0.0
2024-08-17 02:00:00,CRYPTO:PEPEUSD,7.180479e-06,7.702033e-06,7.111356e-06,7.48552e-06,0.0
2024-08-18 02:00:00,CRYPTO:PEPEUSD,7.48552e-06,7.6206e-06,7.285068e-06,7.291524e-06,0.0
2024-08-19 02:00:00,CRYPTO:PEPEUSD,7.291334e-06,7.701771e-06,7.16027e-06,7.680871e-06,0.0
2024-08-20 02:00:00,CRYPTO:PEPEUSD,7.680879e-06,8.279442e-06,7.634717e-06,7.758365e-06,0.0
2024-08-21 02:00:00,CRYPTO:PEPEUSD,7.758534e-06,8.077443e-06,7.50596e-06,7.91933e-06,0.0
2024-08-22 02:00:00,CRYPTO:PEPEUSD,7.91933e-06,8.074527e-06,7.73219e-06,7.988268e-06,0.0
2024-08-23 02:00:00,CRYPTO:PEPEUSD,7.988286e-06,9.285532e-06,7.950996e-06,9.07484e-06,0.0
2024-08-24 02:00:00,CRYPTO:PEPEUSD,9.075062e-06,9.847795e-06,8.8662e-06,9.497803e-06,0.0
2024-08-25 02:00:00,CRYPTO:PEPEUSD,9.49747e-06,9.529484e-06,8.694465e-06,9.140379e-06,0.0
2024-08-26 02:00:00,CRYPTO:PEPEUSD,9.140516e-06,9.2623e-06,8.423119e-06,8.523947e-06,0.0
2024-08-27 02:00:00,CRYPTO:PEPEUSD,8.523947e-06,8.694459e-06,7.5241e-06,7.639949e-06,0.0
2024-08-28 02:00:00,CRYPTO:PEPEUSD,7.6399e-06,8.117619e-06,7.351151e-06,7.685458e-06,0.0
2024-08-29 02:00:00,CRYPTO:PEPEUSD,7.685386e-06,8.199566e-06,7.55225e-06,7.649163e-06,0.0
2024-08-30 02:00:00,CRYPTO:PEPEUSD,7.648943e-06,7.919475e-06,7.351515e-06,7.763342e-06,0.0
2024-08-31 02:00:00,CRYPTO:PEPEUSD,7.763242e-06,7.871475e-06,7.518625e-06,7.595883e-06,0.0
2024-09-01 02:00:00,CRYPTO:PEPEUSD,7.596026e-06,7.634056e-06,7.072368e-06,7.134086e-06,0.0
2024-09-02 02:00:00,CRYPTO:PEPEUSD,7.134535e-06,7.689583e-06,7.076228e-06,7.614986e-06,0.0
2024-09-03 02:00:00,CRYPTO:PEPEUSD,7.614986e-06,7.757811e-06,7.249061e-06,7.263265e-06,0.0
2024-09-04 02:00:00,CRYPTO:PEPEUSD,7.263265e-06,7.51044e-06,6.850146e-06,7.349315e-06,0.0
2024-09-05 02:00:00,CRYPTO:PEPEUSD,7.349215e-06,7.408902e-06,7.007778e-06,7.104898e-06,0.0
2024-09-06 02:00:00,CRYPTO:PEPEUSD,7.104944e-06,7.264776e-06,6.331129e-06,6.637828e-06,0.0
2024-09-07 02:00:00,CRYPTO:PEPEUSD,6.637828e-06,7.023923e-06,6.637052e-06,6.761938e-06,0.0
2024-09-08 02:00:00,CRYPTO:PEPEUSD,6.761961e-06,7.396975e-06,6.706131e-06,7.071345e-06,0.0
2024-09-09 02:00:00,CRYPTO:PEPEUSD,7.071107e-06,7.593636e-06,6.945796e-06,7.386375e-06,0.0
2024-09-10 02:00:00,CRYPTO:PEPEUSD,7.386412e-06,7.555196e-06,7.29082e-06,7.464458e-06,0.0
2024-09-11 02:00:00,CRYPTO:PEPEUSD,7.464458e-06,7.467239e-06,6.978163e-06,7.237119e-06,0.0
2024-09-12 02:00:00,CRYPTO:PEPEUSD,7.237262e-06,7.492124e-06,7.214472e-06,7.41291e-06,0.0
2024-09-13 02:00:00,CRYPTO:PEPEUSD,7.413482e-06,8.053201e-06,7.310526e-06,7.906568e-06,0.0
2024-09-14 02:00:00,CRYPTO:PEPEUSD,7.906568e-06,7.942237e-06,7.639686e-06,7.75909e-06,0.0
2024-09-15 02:00:00,CRYPTO:PEPEUSD,7.759492e-06,7.826136e-06,7.30279e-06,7.354093e-06,0.0
2024-09-16 02:00:00,CRYPTO:PEPEUSD,7.354093e-06,7.389197e-06,7.068064e-06,7.196616e-06,0.0
2024-09-17 02:00:00,CRYPTO:PEPEUSD,7.196147e-06,7.638464e-06,7.10858e-06,7.319569e-06,0.0
2024-09-18 02:00:00,CRYPTO:PEPEUSD,7.319402e-06,7.543695e-06,7.000223e-06,7.531087e-06,0.0
2024-09-19 02:00:00,CRYPTO:PEPEUSD,7.531183e-06,8.329124e-06,7.530975e-06,7.950234e-06,0.0
2024-09-20 02:00:00,CRYPTO:PEPEUSD,7.950069e-06,8.50094e-06,7.716713e-06,8.244744e-06,0.0
2024-09-21 02:00:00,CRYPTO:PEPEUSD,8.244619e-06,8.439694e-06,8.005859e-06,8.414165e-06,0.0
2024-09-22 02:00:00,CRYPTO:PEPEUSD,8.41441e-06,8.473582e-06,7.74021e-06,8.008514e-06,0.0
2024-09-23 02:00:00,CRYPTO:PEPEUSD,8.008714e-06,8.329786e-06,7.831728e-06,8.129494e-06,0.0
2024-09-24 02:00:00,CRYPTO:PEPEUSD,8.129882e-06,8.754331e-06,7.929203e-06,8.585599e-06,0.0
2024-09-25 02:00:00,CRYPTO:PEPEUSD,8.585413e-06,8.787299e-06,8.371176e-06,8.445968e-06,0.0
2024-09-26 02:00:00,CRYPTO:PEPEUSD,8.445696e-06,9.713836e-06,8.218904e-06,9.508314e-06,0.0
2024-09-27 02:00:00,CRYPTO:PEPEUSD,9.50829e-06,1.0932091e-05,9.369878e-06,1.0693091e-05,0.0
2024-09-28 02:00:00,CRYPTO:PEPEUSD,1.0693105e-05,1.1544173e-05,1.0561589e-05,1.1382836e-05,0.0
2024-09-29 02:00:00,CRYPTO:PEPEUSD,1.1382483e-05,1.1936423e-05,1.0994388e-05,1.1282812e-05,0.0
2024-09-30 02:00:00,CRYPTO:PEPEUSD,1.1283178e-05,1.1488737e-05,1.0357213e-05,1.0468395e-05,0.0
2024-10-01 02:00:00,CRYPTO:PEPEUSD,1.0469896e-05,1.1434107e-05,9.292678e-06,9.70271e-06,0.0
2024-10-02 02:00:00,CRYPTO:PEPEUSD,9.702804e-06,1.0303309e-05,8.931971e-06,9.235299e-06,0.0
2024-10-03 02:00:00,CRYPTO:PEPEUSD,9.235338e-06,9.519748e-06,8.356718e-06,8.632978e-06,0.0
2024-10-04 02:00:00,CRYPTO:PEPEUSD,8.632866e-06,9.593377e-06,8.480904e-06,9.388882e-06,0.0
2024-10-05 02:00:00,CRYPTO:PEPEUSD,9.388981e-06,9.598379e-06,9.15298e-06,9.346927e-06,0.0
2024-10-06 02:00:00,CRYPTO:PEPEUSD,9.346927e-06,1.0318618e-05,9.255592e-06,1.0231244e-05,0.0
2024-10-07 02:00:00,CRYPTO:PEPEUSD,1.0231334e-05,1.0808897e-05,9.778983e-06,9.79796e-06,0.0
2024-10-08 02:00:00,CRYPTO:PEPEUSD,9.797833e-06,1.0057645e-05,9.323305e-06,9.507636e-06,0.0
2024-10-09 02:00:00,CRYPTO:PEPEUSD,9.507503e-06,9.849344e-06,8.98459e-06,9.108536e-06,0.0
2024-10-10 02:00:00,CRYPTO:PEPEUSD,9.108556e-06,9.441067e-06,8.806129e-06,9.282373e-06,0.0
2024-10-11 02:00:00,CRYPTO:PEPEUSD,9.282373e-06,9.941825e-06,9.20327e-06,9.734931e-06,0.0
2024-10-12 02:00:00,CRYPTO:PEPEUSD,9.734628e-06,1.0225798e-05,9.683409e-06,9.89009e-06,0.0
2024-10-13 02:00:00,CRYPTO:PEPEUSD,9.890181e-06,9.982832e-06,9.372572e-06,9.69086e-06,0.0
2024-10-14 02:00:00,CRYPTO:PEPEUSD,9.690715e-06,1.106832e-05,9.544749e-06,1.0895048e-05,0.0
2024-10-15 02:00:00,CRYPTO:PEPEUSD,1.0895148e-05,1.1156482e-05,1.0029646e-05,1.0385602e-05,0.0
2024-10-16 02:00:00,CRYPTO:PEPEUSD,1.0385602e-05,1.0653989e-05,1.0108996e-05,1.0436244e-05,0.0
2024-10-17 02:00:00,CRYPTO:PEPEUSD,1.0436319e-05,1.0553734e-05,9.63959e-06,9.87765e-06,0.0
2024-10-18 02:00:00,CRYPTO:PEPEUSD,9.87765e-06,1.0716902e-05,9.833627e-06,1.0501797e-05,0.0
2024-10-19 02:00:00,CRYPTO:PEPEUSD,1.0501797e-05,1.0929932e-05,1.0321148e-05,1.0487759e-05,0.0
2024-10-20 02:00:00,CRYPTO:PEPEUSD,1.0487759e-05,1.0785205e-05,1.0113239e-05,1.0684336e-05,0.0
2024-10-21 02:00:00,CRYPTO:PEPEUSD,1.0683591e-05,1.0886372e-05,1.0046174e-05,1.0175309e-05,0.0
2024-10-22 02:00:00,CRYPTO:PEPEUSD,1.017505e-05,1.0343854e-05,9.865426e-06,1.0073309e-05,0.0
2024-10-23 02:00:00,CRYPTO:PEPEUSD,1.0073463e-05,1.0106374e-05,9.426429e-06,9.805626e-06,0.0
2024-10-24 02:00:00,CRYPTO:PEPEUSD,9.805476e-06,1.0069342e-05,9.672742e-06,9.988449e-06,0.0
2024-10-25 02:00:00,CRYPTO:PEPEUSD,9.988081e-06,1.0037699e-05,8.445786e-06,8.782075e-06,0.0
2024-10-26 02:00:00,CRYPTO:PEPEUSD,8.780569e-06,9.098487e-06,8.620524e-06,9.052872e-06,0.0
2024-10-27 02:00:00,CRYPTO:PEPEUSD,9.052872e-06,9.272938e-06,8.924241e-06,9.155755e-06,0.0
2024-10-28 01:00:00,CRYPTO:PEPEUSD,9.155612e-06,9.425887e-06,8.580445e-06,9.165381e-06,0.0
2024-10-29 01:00:00,CRYPTO:PEPEUSD,9.164927e-06,9.905939e-06,9.131964e-06,9.669613e-06,0.0
2024-10-30 01:00:00,CRYPTO:PEPEUSD,9.669779e-06,1.0108722e-05,9.269688e-06,9.635106e-06,0.0
2024-10-31 01:00:00,CRYPTO:PEPEUSD,9.634807e-06,9.698596e-06,9.003837e-06,9.111284e-06,0.0
2024-11-01 01:00:00,CRYPTO:PEPEUSD,9.110787e-06,9.333021e-06,8.712167e-06,8.874582e-06,0.0
2024-11-02 01:00:00,CRYPTO:PEPEUSD,8.874582e-06,8.990366e-06,8.549421e-06,8.712663e-06,0.0
2024-11-03 01:00:00,CRYPTO:PEPEUSD,8.712377e-06,8.724695e-06,7.872828e-06,8.173418e-06,0.0
2024-11-04 01:00:00,CRYPTO:PEPEUSD,8.173343e-06,8.369516e-06,7.71786e-06,7.913162e-06,0.0
2024-11-05 01:00:00,CRYPTO:PEPEUSD,7.913624e-06,8.800188e-06,7.910599e-06,8.562738e-06,0.0
2024-11-06 01:00:00,CRYPTO:PEPEUSD,8.562167e-06,1.0041845e-05,8.561821e-06,9.896884e-06,0.0
2024-11-07 01:00:00,CRYPTO:PEPEUSD,9.896547e-06,1.1048682e-05,9.850249e-06,1.0998144e-05,0.0
2024-11-08 01:00:00,CRYPTO:PEPEUSD,1.0998069e-05,1.1486984e-05,1.0283971e-05,1.0777241e-05,0.0
2024-11-09 01:00:00,CRYPTO:PEPEUSD,1.0777277e-05,1.1470621e-05,1.0462822e-05,1.1195333e-05,0.0
2024-11-10 01:00:00,CRYPTO:PEPEUSD,1.1195387e-05,1.2983479e-05,1.1009354e-05,1.2321482e-05,0.0
2024-11-11 01:00:00,CRYPTO:PEPEUSD,1.2322134e-05,1.3452e-05,1.176884e-05,1.3002e-05,0.0
2024-11-12 01:00:00,CRYPTO:PEPEUSD,1.3002e-05,1.4899e-05,1.2317e-05,1.4143e-05,0.0
2024-11-13 01:00:00,CRYPTO:PEPEUSD,1.4143e-05,2.2435e-05,1.2506e-05,2.0824e-05,0.0
2024-11-14 01:00:00,CRYPTO:PEPEUSD,2.0824e-05,2.5676e-05,2.0104e-05,2.068e-05,0.0
2024-11-15 01:00:00,CRYPTO:PEPEUSD,2.068e-05,2.3995e-05,1.8824e-05,2.3332e-05,0.0
2024-11-16 01:00:00,CRYPTO:PEPEUSD,2.3332e-05,2.3652e-05,2.0692e-05,2.1291e-05,0.0
2024-11-17 01:00:00,CRYPTO:PEPEUSD,2.1292e-05,2.2564e-05,1.9481e-05,2.1216e-05,0.0
2024-11-18 01:00:00,CRYPTO:PEPEUSD,2.1215e-05,2.2755e-05,1.9656e-05,2.0479e-05,0.0
2024-11-19 01:00:00,CRYPTO:PEPEUSD,2.0479e-05,2.1225e-05,1.8959e-05,1.9696e-05,0.0
2024-11-20 01:00:00,CRYPTO:PEPEUSD,1.9697e-05,2.06e-05,1.8353e-05,1.8791e-05,0.0
2024-11-21 01:00:00,CRYPTO:PEPEUSD,1.8793e-05,2.1684e-05,1.807e-05,2.0688e-05,0.0
2024-11-22 01:00:00,CRYPTO:PEPEUSD,2.0691e-05,2.1847e-05,1.9805e-05,2.0655e-05,0.0
2024-11-23 01:00:00,CRYPTO:PEPEUSD,2.0657e-05,2.2359e-05,1.977e-05,2.051e-05,0.0
2024-11-24 01:00:00,CRYPTO:PEPEUSD,2.051e-05,2.1228e-05,1.9086e-05,2.0219e-05,0.0
2024-11-25 01:00:00,CRYPTO:PEPEUSD,2.022e-05,2.0753e-05,1.8366e-05,1.8993e-05,0.0
2024-11-26 01:00:00,CRYPTO:PEPEUSD,1.8994e-05,1.946e-05,1.7309e-05,1.8281e-05,0.0
2024-11-27 01:00:00,CRYPTO:PEPEUSD,1.8281e-05,2.0127e-05,1.7879e-05,1.9735e-05,0.0
2024-11-28 01:00:00,CRYPTO:PEPEUSD,1.9734e-05,2.0336e-05,1.8963e-05,1.987e-05,0.0
2024-11-29 01:00:00,CRYPTO:PEPEUSD,1.987e-05,2.1289e-05,1.9515e-05,2.0468e-05,0.0
2024-11-30 01:00:00,CRYPTO:PEPEUSD,2.0468e-05,2.1633e-05,2.0108e-05,2.0208e-05,0.0
2024-12-01 01:00:00,CRYPTO:PEPEUSD,2.0208e-05,2.3314e-05,2.0083e-05,2.2271e-05,0.0
2024-12-02 01:00:00,CRYPTO:PEPEUSD,2.2271e-05,2.2841e-05,1.9632e-05,2.044e-05,0.0
2024-12-03 01:00:00,CRYPTO:PEPEUSD,2.044e-05,2.1074e-05,1.886e-05,2.0257e-05,0.0
2024-12-04 01:00:00,CRYPTO:PEPEUSD,2.0258e-05,2.2088e-05,2.0221e-05,2.1799e-05,0.0
2024-12-05 01:00:00,CRYPTO:PEPEUSD,2.1798e-05,2.2902e-05,2.0366e-05,2.1218e-05,0.0
2024-12-06 01:00:00,CRYPTO:PEPEUSD,2.1219e-05,2.2248e-05,2.0377e-05,2.1577e-05,0.0
2024-12-07 01:00:00,CRYPTO:PEPEUSD,2.1577e-05,2.6948e-05,2.1142e-05,2.493e-05,0.0
2024-12-08 01:00:00,CRYPTO:PEPEUSD,2.493e-05,2.7157e-05,2.4224e-05,2.6429e-05,0.0
2024-12-09 01:00:00,CRYPTO:PEPEUSD,2.6429e-05,2.8362e-05,2.3214e-05,2.652e-05,0.0
2024-12-10 01:00:00,CRYPTO:PEPEUSD,2.6518e-05,2.7221e-05,2.2115e-05,2.35e-05,0.0
2024-12-11 01:00:00,CRYPTO:PEPEUSD,2.3497e-05,2.549e-05,2.1641e-05,2.5139e-05,0.0
2024-12-12 01:00:00,CRYPTO:PEPEUSD,2.5137e-05,2.5725e-05,2.324e-05,2.3657e-05,0.0
2024-12-13 01:00:00,CRYPTO:PEPEUSD,2.3657e-05,2.4978e-05,2.3088e-05,2.4756e-05,0.0
2024-12-14 01:00:00,CRYPTO:PEPEUSD,2.4756e-05,2.4863e-05,2.2926e-05,2.3325e-05,0.0
2024-12-15 01:00:00,CRYPTO:PEPEUSD,2.3325e-05,2.4496e-05,2.2595e-05,2.4158e-05,0.0
2024-12-16 01:00:00,CRYPTO:PEPEUSD,2.4159e-05,2.4692e-05,2.2894e-05,2.3452e-05,0.0
2024-12-17 01:00:00,CRYPTO:PEPEUSD,2.345e-05,2.365e-05,2.2086e-05,2.2438e-05,0.0
2024-12-18 01:00:00,CRYPTO:PEPEUSD,2.2438e-05,2.2527e-05,1.915e-05,1.9444e-05,0.0
2024-12-19 01:00:00,CRYPTO:PEPEUSD,1.9445e-05,1.9734e-05,1.6539e-05,1.7045e-05,0.0
2024-12-20 01:00:00,CRYPTO:PEPEUSD,1.7047e-05,1.7919e-05,1.4412e-05,1.7665e-05,0.0
2024-12-21 01:00:00,CRYPTO:PEPEUSD,1.7665e-05,1.9722e-05,1.6944e-05,1.7404e-05,0.0
2024-12-22 01:00:00,CRYPTO:PEPEUSD,1.7404e-05,1.8407e-05,1.6676e-05,1.7834e-05,0.0
2024-12-23 01:00:00,CRYPTO:PEPEUSD,1.7835e-05,1.8825e-05,1.7226e-05,1.8459e-05,0.0
2024-12-24 01:00:00,CRYPTO:PEPEUSD,1.846e-05,1.9506e-05,1.7881e-05,1.9234e-05,0.0
2024-12-25 01:00:00,CRYPTO:PEPEUSD,1.9236e-05,1.9343e-05,1.8138e-05,1.8525e-05,0.0
2024-12-26 01:00:00,CRYPTO:PEPEUSD,1.8525e-05,1.8749e-05,1.704e-05,1.7378e-05,0.0
2024-12-27 01:00:00,CRYPTO:PEPEUSD,1.7378e-05,1.8264e-05,1.7244e-05,1.7858e-05,0.0
2024-12-28 01:00:00,CRYPTO:PEPEUSD,1.7858e-05,1.8996e-05,1.7749e-05,1.8732e-05,0.0
2024-12-29 01:00:00,CRYPTO:PEPEUSD,1.8733e-05,1.915e-05,1.7719e-05,1.7868e-05,0.0
2024-12-30 01:00:00,CRYPTO:PEPEUSD,1.7869e-05,1.8933e-05,1.7428e-05,1.842e-05,0.0
2024-12-31 01:00:00,CRYPTO:PEPEUSD,1.842e-05,2.1776e-05,1.7678e-05,1.9915e-05,0.0
2025-01-01 01:00:00,CRYPTO:PEPEUSD,1.9912e-05,2.0712e-05,1.9041e-05,1.9342e-05,0.0
2025-01-02 01:00:00,CRYPTO:PEPEUSD,1.9342e-05,2.1118e-05,1.9161e-05,2.0438e-05,0.0
2025-01-03 01:00:00,CRYPTO:PEPEUSD,2.0437e-05,2.1721e-05,2.0054e-05,2.1559e-05,0.0
2025-01-04 01:00:00,CRYPTO:PEPEUSD,2.1561e-05,2.1865e-05,2.0548e-05,2.1117e-05,0.0
2025-01-05 01:00:00,CRYPTO:PEPEUSD,2.1117e-05,2.1372e-05,2.032e-05,2.0703e-05,0.0
2025-01-06 01:00:00,CRYPTO:PEPEUSD,2.0703e-05,2.1374e-05,2.0271e-05,2.0776e-05,0.0
2025-01-07 01:00:00,CRYPTO:PEPEUSD,2.0776e-05,2.0837e-05,1.8481e-05,1.8597e-05,0.0
2025-01-08 01:00:00,CRYPTO:PEPEUSD,1.8596e-05,1.8899e-05,1.7022e-05,1.7829e-05,0.0
2025-01-09 01:00:00,CRYPTO:PEPEUSD,1.7829e-05,1.8086e-05,1.6643e-05,1.7004e-05,0.0
2025-01-10 01:00:00,CRYPTO:PEPEUSD,1.7003e-05,1.7894e-05,1.7003e-05,1.7639e-05,0.0
2025-01-11 01:00:00,CRYPTO:PEPEUSD,1.7639e-05,1.8465e-05,1.7475e-05,1.8005e-05,0.0
2025-01-12 01:00:00,CRYPTO:PEPEUSD,1.8004e-05,1.8028e-05,1.7487e-05,1.7746e-05,0.0
2025-01-13 01:00:00,CRYPTO:PEPEUSD,1.7748e-05,1.8265e-05,1.5626e-05,1.6853e-05,0.0
2025-01-14 01:00:00,CRYPTO:PEPEUSD,1.6853e-05,1.7622e-05,1.6794e-05,1.7464e-05,0.0
2025-01-15 01:00:00,CRYPTO:PEPEUSD,1.7464e-05,1.9212e-05,1.6863e-05,1.9061e-05,0.0
2025-01-16 01:00:00,CRYPTO:PEPEUSD,1.9061e-05,1.9249e-05,1.7967e-05,1.8131e-05,0.0
2025-01-17 01:00:00,CRYPTO:PEPEUSD,1.8131e-05,2.0531e-05,1.8128e-05,2.0292e-05,0.0
2025-01-18 01:00:00,CRYPTO:PEPEUSD,2.0292e-05,2.1023e-05,1.8116e-05,1.8448e-05,0.0
2025-01-19 01:00:00,CRYPTO:PEPEUSD,1.8448e-05,1.8974e-05,1.52e-05,1.6025e-05,0.0
2025-01-20 01:00:00,CRYPTO:PEPEUSD,1.6025e-05,1.7547e-05,1.5135e-05,1.578e-05,0.0
2025-01-21 01:00:00,CRYPTO:PEPEUSD,1.5781e-05,1.6346e-05,1.4721e-05,1.5895e-05,0.0
2025-01-22 01:00:00,CRYPTO:PEPEUSD,1.5895e-05,1.6177e-05,1.501e-05,1.5147e-05,0.0
2025-01-23 01:00:00,CRYPTO:PEPEUSD,1.5146e-05,1.5565e-05,1.4314e-05,1.5324e-05,0.0
2025-01-24 01:00:00,CRYPTO:PEPEUSD,1.5323e-05,1.6167e-05,1.4591e-05,1.4942e-05,0.0
2025-01-25 01:00:00,CRYPTO:PEPEUSD,1.4942e-05,1.5393e-05,1.4595e-05,1.5038e-05,0.0
2025-01-26 01:00:00,CRYPTO:PEPEUSD,1.5038e-05,1.5195e-05,1.3957e-05,1.4013e-05,0.0
2025-01-27 01:00:00,CRYPTO:PEPEUSD,1.4013e-05,1.4013e-05,1.2111e-05,1.3105e-05,0.0
2025-01-28 01:00:00,CRYPTO:PEPEUSD,1.3106e-05,1.3348e-05,1.1341e-05,1.1447e-05,0.0
2025-01-29 01:00:00,CRYPTO:PEPEUSD,1.1447e-05,1.3328e-05,1.1365e-05,1.2393e-05,0.0
2025-01-30 01:00:00,CRYPTO:PEPEUSD,1.2393e-05,1.3487e-05,1.2231e-05,1.2938e-05,0.0
2025-01-31 01:00:00,CRYPTO:PEPEUSD,1.2938e-05,1.4757e-05,1.2753e-05,1.4512e-05,0.0
